Student_Number,Subject,Score
1000000,AP Seminar,56.7
1000000,Physics,65.6
1000000,English III,81.4
1000000,Honors US History,77.3
1000001,AP Seminar,37.3
1000001,Physics,54.3
1000001,English III,86.0
1000001,Honors US History,99.9
1000002,AP Seminar,72.6
1000002,Physics,68.9
1000002,English III,80.5
1000002,Honors US History,91.0
1000003,AP Seminar,68.6
1000003,Physics,43.4
1000003,English III,85.4
1000003,Honors US History,65.9
1000004,AP Seminar,51.4
1000004,Physics,67.6
1000004,English III,90.2
1000004,Honors US History,75.9
1000005,AP Seminar,21.9
1000005,Physics,75.0
1000005,English III,82.3
1000005,Honors US History,85.0
1000006,AP Seminar,48.8
1000006,Physics,76.5
1000006,English III,83.7
1000006,Honors US History,72.6
1000007,AP Seminar,49.6
1000007,Physics,70.2
1000007,English III,75.2
1000007,Honors US History,77.1
1000008,AP Seminar,62.1
1000008,Physics,58.0
1000008,English III,79.7
1000008,Honors US History,86.0
1000009,AP Seminar,36.9
1000009,Physics,56.6
1000009,English III,82.5
1000009,Honors US History,87.1
1000010,AP Seminar,27.0
1000010,Physics,46.5
1000010,English III,78.2
1000010,Honors US History,90.1
1000011,AP Seminar,37.2
1000011,Physics,55.7
1000011,English III,78.6
1000011,Honors US History,83.3
1000012,AP Seminar,43.6
1000012,Physics,53.5
1000012,English III,72.1
1000012,Honors US History,71.6
1000013,AP Seminar,25.4
1000013,Physics,62.9
1000013,English III,86.9
1000013,Honors US History,72.8
1000014,AP Seminar,63.6
1000014,Physics,62.5
1000014,English III,81.2
1000014,Honors US History,82.0
1000015,AP Seminar,73.2
1000015,Physics,59.0
1000015,English III,81.3
1000015,Honors US History,78.5
1000016,AP Seminar,65.7
1000016,Physics,70.3
1000016,English III,88.4
1000016,Honors US History,90.1
1000017,AP Seminar,46.6
1000017,Physics,61.5
1000017,English III,79.1
1000017,Honors US History,68.5
1000018,AP Seminar,40.7
1000018,Physics,62.9
1000018,English III,81.5
1000018,Honors US History,70.7
1000019,AP Seminar,65.7
1000019,Physics,62.1
1000019,English III,77.7
1000019,Honors US History,92.7
1000020,AP Seminar,45.3
1000020,Physics,66.9
1000020,English III,84.4
1000020,Honors US History,81.1
1000021,AP Seminar,52.0
1000021,Physics,41.7
1000021,English III,73.2
1000021,Honors US History,59.5
1000022,AP Seminar,62.7
1000022,Physics,60.4
1000022,English III,73.1
1000022,Honors US History,64.8
1000023,AP Seminar,76.1
1000023,Physics,70.0
1000023,English III,79.5
1000023,Honors US History,76.1
1000024,AP Seminar,76.7
1000024,Physics,77.5
1000024,English III,83.0
1000024,Honors US History,73.2
1000025,AP Seminar,52.4
1000025,Physics,46.0
1000025,English III,87.0
1000025,Honors US History,70.2
1000026,AP Seminar,46.8
1000026,Physics,59.9
1000026,English III,78.6
1000026,Honors US History,90.4
1000027,AP Seminar,52.3
1000027,Physics,48.1
1000027,English III,73.0
1000027,Honors US History,61.8
1000028,AP Seminar,58.3
1000028,Physics,63.9
1000028,English III,77.3
1000028,Honors US History,73.1
1000029,AP Seminar,56.0
1000029,Physics,60.3
1000029,English III,81.6
1000029,Honors US History,52.8
1000030,AP Seminar,71.6
1000030,Physics,54.7
1000030,English III,81.1
1000030,Honors US History,70.2
1000031,AP Seminar,52.8
1000031,Physics,60.6
1000031,English III,79.0
1000031,Honors US History,63.5
1000032,AP Seminar,45.0
1000032,Physics,65.0
1000032,English III,77.7
1000032,Honors US History,90.1
1000033,AP Seminar,54.9
1000033,Physics,61.9
1000033,English III,77.6
1000033,Honors US History,84.5
1000034,AP Seminar,43.1
1000034,Physics,51.9
1000034,English III,73.5
1000034,Honors US History,78.9
1000035,AP Seminar,91.4
1000035,Physics,53.3
1000035,English III,75.7
1000035,Honors US History,78.2
1000036,AP Seminar,38.9
1000036,Physics,49.4
1000036,English III,80.7
1000036,Honors US History,68.9
1000037,AP Seminar,46.4
1000037,Physics,53.4
1000037,English III,80.4
1000037,Honors US History,96.7
1000038,AP Seminar,67.1
1000038,Physics,56.7
1000038,English III,78.9
1000038,Honors US History,67.2
1000039,AP Seminar,72.8
1000039,Physics,37.5
1000039,English III,84.0
1000039,Honors US History,81.8
1000040,AP Seminar,52.8
1000040,Physics,41.6
1000040,English III,77.9
1000040,Honors US History,92.5
1000041,AP Seminar,64.2
1000041,Physics,52.0
1000041,English III,87.1
1000041,Honors US History,83.1
1000042,AP Seminar,68.5
1000042,Physics,50.5
1000042,English III,80.8
1000042,Honors US History,100.0
1000043,AP Seminar,57.1
1000043,Physics,59.6
1000043,English III,81.9
1000043,Honors US History,67.8
1000044,AP Seminar,57.7
1000044,Physics,72.4
1000044,English III,84.2
1000044,Honors US History,62.1
1000045,AP Seminar,52.1
1000045,Physics,50.2
1000045,English III,74.2
1000045,Honors US History,82.6
1000046,AP Seminar,61.8
1000046,Physics,73.6
1000046,English III,75.6
1000046,Honors US History,92.2
1000047,AP Seminar,52.7
1000047,Physics,60.1
1000047,English III,81.3
1000047,Honors US History,75.3
1000048,AP Seminar,79.5
1000048,Physics,67.5
1000048,English III,79.1
1000048,Honors US History,86.7
1000049,AP Seminar,35.4
1000049,Physics,59.2
1000049,English III,78.6
1000049,Honors US History,69.7
1000050,AP Seminar,82.9
1000050,Physics,63.9
1000050,English III,75.8
1000050,Honors US History,65.6
1000051,AP Seminar,73.6
1000051,Physics,51.5
1000051,English III,75.2
1000051,Honors US History,67.6
1000052,AP Seminar,66.0
1000052,Physics,84.7
1000052,English III,72.3
1000052,Honors US History,81.0
1000053,AP Seminar,71.9
1000053,Physics,53.8
1000053,English III,83.5
1000053,Honors US History,72.8
1000054,AP Seminar,82.9
1000054,Physics,48.7
1000054,English III,72.0
1000054,Honors US History,75.6
1000055,AP Seminar,57.9
1000055,Physics,60.8
1000055,English III,78.1
1000055,Honors US History,94.5
1000056,AP Seminar,58.0
1000056,Physics,75.7
1000056,English III,72.3
1000056,Honors US History,88.6
1000057,AP Seminar,56.1
1000057,Physics,74.3
1000057,English III,75.4
1000057,Honors US History,68.4
1000058,AP Seminar,71.6
1000058,Physics,48.6
1000058,English III,80.7
1000058,Honors US History,84.9
1000059,AP Seminar,54.5
1000059,Physics,70.8
1000059,English III,74.8
1000059,Honors US History,77.2
1000060,AP Seminar,48.8
1000060,Physics,45.2
1000060,English III,72.5
1000060,Honors US History,75.2
1000061,AP Seminar,42.7
1000061,Physics,61.2
1000061,English III,79.3
1000061,Honors US History,93.1
1000062,AP Seminar,51.0
1000062,Physics,38.8
1000062,English III,82.9
1000062,Honors US History,74.3
1000063,AP Seminar,25.3
1000063,Physics,57.5
1000063,English III,81.1
1000063,Honors US History,75.8
1000064,AP Seminar,53.6
1000064,Physics,58.2
1000064,English III,87.2
1000064,Honors US History,91.6
1000065,AP Seminar,53.1
1000065,Physics,66.1
1000065,English III,74.4
1000065,Honors US History,78.8
1000066,AP Seminar,32.2
1000066,Physics,61.5
1000066,English III,81.1
1000066,Honors US History,69.4
1000067,AP Seminar,69.0
1000067,Physics,65.3
1000067,English III,77.6
1000067,Honors US History,91.9
1000068,AP Seminar,35.2
1000068,Physics,56.7
1000068,English III,75.7
1000068,Honors US History,82.9
1000069,AP Seminar,60.3
1000069,Physics,48.6
1000069,English III,81.3
1000069,Honors US History,83.9
1000070,AP Seminar,48.5
1000070,Physics,52.0
1000070,English III,85.3
1000070,Honors US History,92.8
1000071,AP Seminar,60.5
1000071,Physics,84.4
1000071,English III,79.6
1000071,Honors US History,72.2
1000072,AP Seminar,75.2
1000072,Physics,55.8
1000072,English III,80.6
1000072,Honors US History,81.8
1000073,AP Seminar,58.5
1000073,Physics,55.2
1000073,English III,75.5
1000073,Honors US History,76.1
1000074,AP Seminar,75.9
1000074,Physics,58.2
1000074,English III,77.7
1000074,Honors US History,97.5
1000075,AP Seminar,69.7
1000075,Physics,53.5
1000075,English III,74.2
1000075,Honors US History,82.0
1000076,AP Seminar,39.6
1000076,Physics,60.9
1000076,English III,82.8
1000076,Honors US History,82.1
1000077,AP Seminar,30.9
1000077,Physics,68.1
1000077,English III,80.4
1000077,Honors US History,66.8
1000078,AP Seminar,35.6
1000078,Physics,97.0
1000078,English III,74.4
1000078,Honors US History,93.4
1000079,AP Seminar,56.8
1000079,Physics,66.4
1000079,English III,77.7
1000079,Honors US History,87.5
1000080,AP Seminar,35.4
1000080,Physics,60.2
1000080,English III,82.8
1000080,Honors US History,83.7
1000081,AP Seminar,52.4
1000081,Physics,53.6
1000081,English III,76.1
1000081,Honors US History,80.5
1000082,AP Seminar,64.9
1000082,Physics,70.2
1000082,English III,84.8
1000082,Honors US History,81.8
1000083,AP Seminar,100.0
1000083,Physics,72.2
1000083,English III,79.5
1000083,Honors US History,83.7
1000084,AP Seminar,34.7
1000084,Physics,65.5
1000084,English III,77.8
1000084,Honors US History,85.5
1000085,AP Seminar,55.3
1000085,Physics,52.9
1000085,English III,73.8
1000085,Honors US History,83.1
1000086,AP Seminar,59.7
1000086,Physics,51.9
1000086,English III,80.3
1000086,Honors US History,86.4
1000087,AP Seminar,48.9
1000087,Physics,38.6
1000087,English III,71.0
1000087,Honors US History,68.3
1000088,AP Seminar,69.5
1000088,Physics,54.4
1000088,English III,77.2
1000088,Honors US History,77.2
1000089,AP Seminar,87.0
1000089,Physics,53.2
1000089,English III,77.5
1000089,Honors US History,81.5
1000090,AP Seminar,45.4
1000090,Physics,46.5
1000090,English III,76.6
1000090,Honors US History,79.3
1000091,AP Seminar,55.0
1000091,Physics,36.3
1000091,English III,80.1
1000091,Honors US History,84.3
1000092,AP Seminar,47.8
1000092,Physics,50.1
1000092,English III,75.0
1000092,Honors US History,66.6
1000093,AP Seminar,49.6
1000093,Physics,53.7
1000093,English III,75.7
1000093,Honors US History,94.5
1000094,AP Seminar,45.5
1000094,Physics,57.6
1000094,English III,73.5
1000094,Honors US History,75.6
1000095,AP Seminar,50.6
1000095,Physics,52.0
1000095,English III,80.9
1000095,Honors US History,76.4
1000096,AP Seminar,62.2
1000096,Physics,48.1
1000096,English III,79.9
1000096,Honors US History,72.1
1000097,AP Seminar,72.0
1000097,Physics,70.2
1000097,English III,84.8
1000097,Honors US History,85.8
1000098,AP Seminar,35.9
1000098,Physics,67.7
1000098,English III,76.9
1000098,Honors US History,78.3
1000099,AP Seminar,49.3
1000099,Physics,56.9
1000099,English III,73.8
1000099,Honors US History,84.8
1000100,AP Seminar,61.2
1000100,AP Chemistry,100.0
1000100,AP English Language,74.8
1000100,AP US History,84.3
1000101,AP Seminar,100.0
1000101,AP Chemistry,88.4
1000101,AP English Language,73.3
1000101,AP US History,85.0
1000102,AP Seminar,100.0
1000102,AP Chemistry,61.5
1000102,AP English Language,76.3
1000102,AP US History,90.0
1000103,AP Seminar,85.3
1000103,AP Chemistry,56.5
1000103,AP English Language,81.2
1000103,AP US History,91.7
1000104,AP Seminar,85.8
1000104,AP Chemistry,98.3
1000104,AP English Language,75.0
1000104,AP US History,78.6
1000105,AP Seminar,62.7
1000105,AP Chemistry,71.5
1000105,AP English Language,79.9
1000105,AP US History,94.1
1000106,AP Seminar,90.8
1000106,AP Chemistry,79.7
1000106,AP English Language,79.9
1000106,AP US History,91.9
1000107,AP Seminar,100.0
1000107,AP Chemistry,67.3
1000107,AP English Language,75.1
1000107,AP US History,87.5
1000108,AP Seminar,75.1
1000108,AP Chemistry,72.3
1000108,AP English Language,75.6
1000108,AP US History,95.7
1000109,AP Seminar,77.9
1000109,AP Chemistry,76.8
1000109,AP English Language,74.7
1000109,AP US History,86.7
1000110,AP Seminar,90.2
1000110,AP Chemistry,89.9
1000110,AP English Language,76.9
1000110,AP US History,94.0
1000111,AP Seminar,93.8
1000111,AP Chemistry,79.5
1000111,AP English Language,71.7
1000111,AP US History,88.3
1000112,AP Seminar,59.5
1000112,AP Chemistry,90.9
1000112,AP English Language,66.0
1000112,AP US History,97.8
1000113,AP Seminar,74.9
1000113,AP Chemistry,81.0
1000113,AP English Language,76.7
1000113,AP US History,97.9
1000114,AP Seminar,78.6
1000114,AP Chemistry,92.2
1000114,AP English Language,69.0
1000114,AP US History,93.0
1000115,AP Seminar,78.5
1000115,AP Chemistry,77.3
1000115,AP English Language,78.8
1000115,AP US History,91.6
1000116,AP Seminar,79.6
1000116,AP Chemistry,66.9
1000116,AP English Language,69.4
1000116,AP US History,84.6
1000117,AP Seminar,81.0
1000117,AP Chemistry,82.1
1000117,AP English Language,77.2
1000117,AP US History,93.7
1000118,AP Seminar,70.4
1000118,AP Chemistry,83.5
1000118,AP English Language,82.0
1000118,AP US History,90.6
1000119,AP Seminar,71.6
1000119,AP Chemistry,72.3
1000119,AP English Language,73.1
1000119,AP US History,84.8
1000120,AP Seminar,53.5
1000120,AP Chemistry,88.6
1000120,AP English Language,75.0
1000120,AP US History,92.6
1000121,AP Seminar,79.5
1000121,AP Chemistry,65.3
1000121,AP English Language,80.8
1000121,AP US History,92.4
1000122,AP Seminar,62.6
1000122,AP Chemistry,68.5
1000122,AP English Language,79.8
1000122,AP US History,92.8
1000123,AP Seminar,76.4
1000123,AP Chemistry,91.2
1000123,AP English Language,80.4
1000123,AP US History,91.3
1000124,AP Seminar,84.2
1000124,AP Chemistry,89.7
1000124,AP English Language,82.6
1000124,AP US History,89.0
1000125,AP Seminar,87.6
1000125,AP Chemistry,71.7
1000125,AP English Language,76.8
1000125,AP US History,89.6
1000126,AP Seminar,71.0
1000126,AP Chemistry,70.6
1000126,AP English Language,77.6
1000126,AP US History,88.0
1000127,AP Seminar,72.3
1000127,AP Chemistry,65.8
1000127,AP English Language,84.2
1000127,AP US History,87.6
1000128,AP Seminar,100.0
1000128,AP Chemistry,83.7
1000128,AP English Language,78.2
1000128,AP US History,97.8
1000129,AP Seminar,92.8
1000129,AP Chemistry,78.2
1000129,AP English Language,79.5
1000129,AP US History,89.5
1000130,AP Seminar,60.2
1000130,AP Chemistry,63.0
1000130,AP English Language,76.3
1000130,AP US History,87.7
1000131,AP Seminar,88.1
1000131,AP Chemistry,73.5
1000131,AP English Language,78.3
1000131,AP US History,86.4
1000132,AP Seminar,65.2
1000132,AP Chemistry,74.6
1000132,AP English Language,78.7
1000132,AP US History,93.3
1000133,AP Seminar,96.8
1000133,AP Chemistry,94.8
1000133,AP English Language,80.8
1000133,AP US History,93.5
1000134,AP Seminar,71.0
1000134,AP Chemistry,80.4
1000134,AP English Language,78.2
1000134,AP US History,94.5
1000135,AP Seminar,82.0
1000135,AP Chemistry,73.7
1000135,AP English Language,77.4
1000135,AP US History,91.1
1000136,AP Seminar,75.5
1000136,AP Chemistry,64.8
1000136,AP English Language,84.5
1000136,AP US History,89.8
1000137,AP Seminar,100.0
1000137,AP Chemistry,80.7
1000137,AP English Language,80.3
1000137,AP US History,89.9
1000138,AP Seminar,72.8
1000138,AP Chemistry,80.0
1000138,AP English Language,84.3
1000138,AP US History,92.2
1000139,AP Seminar,83.6
1000139,AP Chemistry,100.0
1000139,AP English Language,80.3
1000139,AP US History,82.8
1000140,AP Seminar,89.7
1000140,AP Chemistry,73.9
1000140,AP English Language,75.2
1000140,AP US History,90.9
1000141,AP Seminar,66.1
1000141,AP Chemistry,89.4
1000141,AP English Language,71.1
1000141,AP US History,89.6
1000142,AP Seminar,83.4
1000142,AP Chemistry,83.6
1000142,AP English Language,78.5
1000142,AP US History,86.8
1000143,AP Seminar,71.9
1000143,AP Chemistry,83.7
1000143,AP English Language,73.5
1000143,AP US History,91.8
1000144,AP Seminar,60.8
1000144,AP Chemistry,98.9
1000144,AP English Language,75.9
1000144,AP US History,88.3
1000145,AP Seminar,76.5
1000145,AP Chemistry,66.6
1000145,AP English Language,80.0
1000145,AP US History,88.1
1000146,AP Seminar,99.0
1000146,AP Chemistry,79.3
1000146,AP English Language,74.1
1000146,AP US History,88.0
1000147,AP Seminar,97.3
1000147,AP Chemistry,86.4
1000147,AP English Language,75.9
1000147,AP US History,82.1
1000148,AP Seminar,56.5
1000148,AP Chemistry,86.0
1000148,AP English Language,81.5
1000148,AP US History,92.0
1000149,AP Seminar,99.0
1000149,AP Chemistry,100.0
1000149,AP English Language,67.9
1000149,AP US History,94.6
1000150,AP Seminar,82.4
1000150,AP Chemistry,76.5
1000150,AP English Language,71.9
1000150,AP US History,90.3
1000151,AP Seminar,85.7
1000151,AP Chemistry,86.6
1000151,AP English Language,77.4
1000151,AP US History,80.7
1000152,AP Seminar,80.2
1000152,AP Chemistry,80.9
1000152,AP English Language,60.7
1000152,AP US History,97.3
1000153,AP Seminar,65.8
1000153,AP Chemistry,69.6
1000153,AP English Language,76.1
1000153,AP US History,81.4
1000154,AP Seminar,59.7
1000154,AP Chemistry,83.6
1000154,AP English Language,78.7
1000154,AP US History,83.2
1000155,AP Seminar,88.4
1000155,AP Chemistry,71.0
1000155,AP English Language,82.2
1000155,AP US History,85.4
1000156,AP Seminar,60.8
1000156,AP Chemistry,84.7
1000156,AP English Language,82.8
1000156,AP US History,88.6
1000157,AP Seminar,84.2
1000157,AP Chemistry,89.6
1000157,AP English Language,71.7
1000157,AP US History,80.6
1000158,AP Seminar,88.5
1000158,AP Chemistry,66.4
1000158,AP English Language,78.6
1000158,AP US History,96.4
1000159,AP Seminar,57.6
1000159,AP Chemistry,80.2
1000159,AP English Language,69.1
1000159,AP US History,86.3
1000160,AP Seminar,81.2
1000160,AP Chemistry,88.1
1000160,AP English Language,79.7
1000160,AP US History,93.3
1000161,AP Seminar,100.0
1000161,AP Chemistry,83.7
1000161,AP English Language,73.6
1000161,AP US History,94.9
1000162,AP Seminar,83.1
1000162,AP Chemistry,63.5
1000162,AP English Language,76.2
1000162,AP US History,92.0
1000163,AP Seminar,61.1
1000163,AP Chemistry,90.7
1000163,AP English Language,79.1
1000163,AP US History,98.4
1000164,AP Seminar,69.0
1000164,AP Chemistry,67.5
1000164,AP English Language,71.9
1000164,AP US History,92.1
1000165,AP Seminar,94.9
1000165,AP Chemistry,93.0
1000165,AP English Language,66.3
1000165,AP US History,95.7
1000166,AP Seminar,46.1
1000166,AP Chemistry,65.4
1000166,AP English Language,80.4
1000166,AP US History,86.9
1000167,AP Seminar,47.0
1000167,AP Chemistry,100.0
1000167,AP English Language,74.5
1000167,AP US History,99.8
1000168,AP Seminar,84.0
1000168,AP Chemistry,81.8
1000168,AP English Language,76.2
1000168,AP US History,90.9
1000169,AP Seminar,63.8
1000169,AP Chemistry,77.9
1000169,AP English Language,74.7
1000169,AP US History,92.9
1000170,AP Seminar,33.7
1000170,Physics,99.7
1000170,English III,95.6
1000170,Honors US History,63.7
1000171,AP Seminar,77.6
1000171,Physics,88.6
1000171,English III,83.2
1000171,Honors US History,62.6
1000172,AP Seminar,44.1
1000172,Physics,87.7
1000172,English III,77.0
1000172,Honors US History,55.7
1000173,AP Seminar,62.7
1000173,Physics,86.0
1000173,English III,99.6
1000173,Honors US History,72.1
1000174,AP Seminar,21.1
1000174,Physics,78.0
1000174,English III,99.2
1000174,Honors US History,61.8
1000175,AP Seminar,47.0
1000175,Physics,97.8
1000175,English III,61.0
1000175,Honors US History,58.7
1000176,AP Seminar,31.8
1000176,Physics,92.7
1000176,English III,80.7
1000176,Honors US History,69.6
1000177,AP Seminar,56.0
1000177,Physics,100.0
1000177,English III,83.1
1000177,Honors US History,47.9
1000178,AP Seminar,37.6
1000178,Physics,92.9
1000178,English III,82.1
1000178,Honors US History,55.8
1000179,AP Seminar,51.3
1000179,Physics,95.2
1000179,English III,89.3
1000179,Honors US History,70.3
1000180,AP Seminar,78.6
1000180,Physics,89.6
1000180,English III,89.0
1000180,Honors US History,77.6
1000181,AP Seminar,43.1
1000181,Physics,77.5
1000181,English III,65.9
1000181,Honors US History,53.8
1000182,AP Seminar,47.0
1000182,Physics,79.1
1000182,English III,95.5
1000182,Honors US History,66.1
1000183,AP Seminar,69.6
1000183,Physics,87.7
1000183,English III,74.5
1000183,Honors US History,66.2
1000184,AP Seminar,58.0
1000184,Physics,100.0
1000184,English III,67.6
1000184,Honors US History,71.5
1000185,AP Seminar,68.9
1000185,Physics,70.7
1000185,English III,74.1
1000185,Honors US History,61.3
1000186,AP Seminar,77.6
1000186,Physics,74.9
1000186,English III,73.2
1000186,Honors US History,59.9
1000187,AP Seminar,67.6
1000187,Physics,82.7
1000187,English III,81.2
1000187,Honors US History,63.7
1000188,AP Seminar,70.0
1000188,Physics,91.0
1000188,English III,68.4
1000188,Honors US History,75.1
1000189,AP Seminar,50.3
1000189,Physics,71.3
1000189,English III,78.5
1000189,Honors US History,81.3
1000190,AP Seminar,77.7
1000190,Physics,82.5
1000190,English III,84.4
1000190,Honors US History,56.4
1000191,AP Seminar,78.6
1000191,Physics,93.4
1000191,English III,75.4
1000191,Honors US History,70.8
1000192,AP Seminar,65.7
1000192,Physics,79.1
1000192,English III,66.3
1000192,Honors US History,54.9
1000193,AP Seminar,35.9
1000193,Physics,87.1
1000193,English III,93.3
1000193,Honors US History,63.2
1000194,AP Seminar,37.1
1000194,Physics,76.7
1000194,English III,89.8
1000194,Honors US History,81.1
1000195,AP Seminar,45.7
1000195,Physics,83.1
1000195,English III,79.5
1000195,Honors US History,81.4
1000196,AP Seminar,76.9
1000196,Physics,80.9
1000196,English III,96.1
1000196,Honors US History,66.9
1000197,AP Seminar,54.4
1000197,Physics,71.6
1000197,English III,87.7
1000197,Honors US History,74.8
1000198,AP Seminar,79.2
1000198,Physics,83.6
1000198,English III,77.8
1000198,Honors US History,72.4
1000199,AP Seminar,57.7
1000199,Physics,93.4
1000199,English III,65.2
1000199,Honors US History,57.5
1000200,AP Seminar,31.1
1000200,Physics,82.2
1000200,English III,71.3
1000200,Honors US History,74.7
1000201,AP Seminar,39.6
1000201,Physics,88.9
1000201,English III,72.2
1000201,Honors US History,64.4
1000202,AP Seminar,54.7
1000202,Physics,87.1
1000202,English III,63.6
1000202,Honors US History,69.5
1000203,AP Seminar,66.0
1000203,Physics,69.2
1000203,English III,68.1
1000203,Honors US History,56.8
1000204,AP Seminar,62.5
1000204,Physics,90.0
1000204,English III,89.3
1000204,Honors US History,37.4
1000205,AP Seminar,76.9
1000205,Physics,93.0
1000205,English III,74.2
1000205,Honors US History,50.9
1000206,AP Seminar,53.8
1000206,Physics,100.0
1000206,English III,75.6
1000206,Honors US History,64.1
1000207,AP Seminar,66.1
1000207,Physics,91.7
1000207,English III,67.0
1000207,Honors US History,64.1
1000208,AP Seminar,65.0
1000208,Physics,88.6
1000208,English III,93.8
1000208,Honors US History,79.7
1000209,AP Seminar,40.8
1000209,Physics,77.3
1000209,English III,96.5
1000209,Honors US History,73.3
1000210,AP Seminar,15.2
1000210,Physics,86.0
1000210,English III,77.2
1000210,Honors US History,81.6
1000211,AP Seminar,84.1
1000211,Physics,91.7
1000211,English III,87.0
1000211,Honors US History,67.7
1000212,AP Seminar,57.4
1000212,Physics,68.1
1000212,English III,79.7
1000212,Honors US History,58.3
1000213,AP Seminar,59.7
1000213,Physics,77.0
1000213,English III,63.6
1000213,Honors US History,69.9
1000214,AP Seminar,56.5
1000214,Physics,92.4
1000214,English III,84.3
1000214,Honors US History,64.2
1000215,AP Seminar,50.0
1000215,Physics,85.4
1000215,English III,89.8
1000215,Honors US History,46.5
1000216,AP Seminar,80.2
1000216,Physics,86.1
1000216,English III,75.3
1000216,Honors US History,57.0
1000217,AP Seminar,68.7
1000217,Physics,84.8
1000217,English III,82.1
1000217,Honors US History,69.2
1000218,AP Seminar,34.5
1000218,Physics,85.4
1000218,English III,100.0
1000218,Honors US History,80.4
1000219,AP Seminar,46.7
1000219,Physics,93.6
1000219,English III,73.2
1000219,Honors US History,79.6
1000220,AP Seminar,66.0
1000220,Physics,100.0
1000220,English III,74.0
1000220,Honors US History,77.4
1000221,AP Seminar,70.8
1000221,Physics,90.8
1000221,English III,80.2
1000221,Honors US History,72.3
1000222,AP Seminar,57.9
1000222,Physics,80.3
1000222,English III,91.1
1000222,Honors US History,69.7
1000223,AP Seminar,66.8
1000223,Physics,99.1
1000223,English III,75.4
1000223,Honors US History,56.1
1000224,AP Seminar,67.2
1000224,Physics,91.3
1000224,English III,75.3
1000224,Honors US History,68.6
1000225,AP Seminar,73.3
1000225,Physics,83.0
1000225,English III,71.3
1000225,Honors US History,81.4
1000226,AP Seminar,65.2
1000226,Physics,78.8
1000226,English III,79.8
1000226,Honors US History,84.4
1000227,AP Seminar,47.7
1000227,Physics,50.1
1000227,English III,80.5
1000227,Honors US History,71.6
1000228,AP Seminar,30.4
1000228,Physics,81.3
1000228,English III,67.6
1000228,Honors US History,78.8
1000229,AP Seminar,91.0
1000229,Physics,75.5
1000229,English III,84.2
1000229,Honors US History,64.8
1000230,AP Seminar,48.0
1000230,Physics,73.8
1000230,English III,73.5
1000230,Honors US History,71.4
1000231,AP Seminar,59.4
1000231,Physics,95.4
1000231,English III,70.9
1000231,Honors US History,73.2
1000232,AP Seminar,71.2
1000232,Physics,96.7
1000232,English III,81.5
1000232,Honors US History,61.6
1000233,AP Seminar,72.5
1000233,Physics,81.6
1000233,English III,78.1
1000233,Honors US History,80.4
1000234,AP Seminar,76.0
1000234,Physics,94.3
1000234,English III,62.5
1000234,Honors US History,75.3
1000235,AP Seminar,53.9
1000235,Physics,96.8
1000235,English III,76.3
1000235,Honors US History,70.9
1000236,AP Seminar,48.8
1000236,Physics,86.2
1000236,English III,65.6
1000236,Honors US History,64.3
1000237,AP Seminar,51.6
1000237,Physics,86.3
1000237,English III,62.0
1000237,Honors US History,62.0
1000238,AP Seminar,24.1
1000238,Physics,86.6
1000238,English III,82.2
1000238,Honors US History,79.5
1000239,AP Seminar,66.6
1000239,Physics,89.1
1000239,English III,67.0
1000239,Honors US History,67.0
1000240,AP Seminar,82.7
1000240,Physics,74.3
1000240,English III,88.5
1000240,Honors US History,67.2
1000241,AP Seminar,69.5
1000241,Physics,78.7
1000241,English III,73.6
1000241,Honors US History,67.0
1000242,AP Seminar,48.2
1000242,Physics,81.4
1000242,English III,77.5
1000242,Honors US History,74.8
1000243,AP Seminar,54.6
1000243,Physics,98.6
1000243,English III,74.3
1000243,Honors US History,73.5
1000244,AP Seminar,60.6
1000244,Physics,92.0
1000244,English III,89.9
1000244,Honors US History,73.9
1000245,AP Seminar,30.6
1000245,Physics,87.0
1000245,English III,77.5
1000245,Honors US History,73.9
1000246,AP Seminar,58.6
1000246,Physics,94.2
1000246,English III,82.3
1000246,Honors US History,58.5
1000247,AP Seminar,68.4
1000247,Physics,90.2
1000247,English III,99.6
1000247,Honors US History,62.5
1000248,AP Seminar,36.7
1000248,Physics,91.0
1000248,English III,88.5
1000248,Honors US History,52.9
1000249,AP Seminar,46.1
1000249,Physics,94.9
1000249,English III,88.3
1000249,Honors US History,62.8
1000250,AP Seminar,84.4
1000250,AP Chemistry,65.8
1000250,AP English Language,85.4
1000250,AP US History,83.7
1000251,AP Seminar,90.7
1000251,AP Chemistry,99.4
1000251,AP English Language,69.4
1000251,AP US History,48.0
1000252,AP Seminar,63.6
1000252,AP Chemistry,100.0
1000252,AP English Language,68.7
1000252,AP US History,68.4
1000253,AP Seminar,100.0
1000253,AP Chemistry,96.7
1000253,AP English Language,77.2
1000253,AP US History,74.1
1000254,AP Seminar,82.0
1000254,AP Chemistry,96.3
1000254,AP English Language,76.7
1000254,AP US History,66.1
1000255,AP Seminar,76.5
1000255,AP Chemistry,76.3
1000255,AP English Language,82.9
1000255,AP US History,68.5
1000256,AP Seminar,97.3
1000256,AP Chemistry,100.0
1000256,AP English Language,73.9
1000256,AP US History,95.3
1000257,AP Seminar,60.3
1000257,AP Chemistry,90.6
1000257,AP English Language,80.2
1000257,AP US History,77.3
1000258,AP Seminar,51.9
1000258,AP Chemistry,80.8
1000258,AP English Language,84.2
1000258,AP US History,68.4
1000259,AP Seminar,78.1
1000259,AP Chemistry,93.8
1000259,AP English Language,83.2
1000259,AP US History,96.3
1000260,AP Seminar,99.4
1000260,AP Chemistry,92.1
1000260,AP English Language,84.6
1000260,AP US History,69.0
1000261,AP Seminar,88.5
1000261,AP Chemistry,73.2
1000261,AP English Language,83.6
1000261,AP US History,70.3
1000262,AP Seminar,100.0
1000262,AP Chemistry,100.0
1000262,AP English Language,88.8
1000262,AP US History,88.8
1000263,AP Seminar,89.3
1000263,AP Chemistry,88.3
1000263,AP English Language,79.7
1000263,AP US History,79.3
1000264,AP Seminar,70.0
1000264,AP Chemistry,89.9
1000264,AP English Language,86.6
1000264,AP US History,73.6
1000265,AP Seminar,77.0
1000265,AP Chemistry,87.2
1000265,AP English Language,96.6
1000265,AP US History,84.4
1000266,AP Seminar,57.1
1000266,AP Chemistry,100.0
1000266,AP English Language,86.3
1000266,AP US History,79.6
1000267,AP Seminar,73.7
1000267,AP Chemistry,65.4
1000267,AP English Language,72.2
1000267,AP US History,64.5
1000268,AP Seminar,88.8
1000268,AP Chemistry,60.0
1000268,AP English Language,85.9
1000268,AP US History,84.2
1000269,AP Seminar,64.0
1000269,AP Chemistry,98.7
1000269,AP English Language,84.8
1000269,AP US History,82.3
1000270,AP Seminar,85.2
1000270,AP Chemistry,100.0
1000270,AP English Language,77.9
1000270,AP US History,85.3
1000271,AP Seminar,49.6
1000271,AP Chemistry,86.3
1000271,AP English Language,82.7
1000271,AP US History,82.9
1000272,AP Seminar,57.2
1000272,AP Chemistry,90.7
1000272,AP English Language,73.6
1000272,AP US History,88.8
1000273,AP Seminar,73.4
1000273,AP Chemistry,100.0
1000273,AP English Language,70.1
1000273,AP US History,72.5
1000274,AP Seminar,62.9
1000274,AP Chemistry,72.5
1000274,AP English Language,77.1
1000274,AP US History,79.6
1000275,AP Seminar,75.8
1000275,AP Chemistry,98.7
1000275,AP English Language,90.6
1000275,AP US History,69.5
1000276,AP Seminar,51.7
1000276,AP Chemistry,81.5
1000276,AP English Language,88.0
1000276,AP US History,88.0
1000277,AP Seminar,100.0
1000277,AP Chemistry,84.8
1000277,AP English Language,82.3
1000277,AP US History,71.0
1000278,AP Seminar,81.8
1000278,AP Chemistry,51.0
1000278,AP English Language,82.4
1000278,AP US History,66.4
1000279,AP Seminar,100.0
1000279,AP Chemistry,89.4
1000279,AP English Language,82.5
1000279,AP US History,63.3
1000280,AP Seminar,83.4
1000280,AP Chemistry,89.5
1000280,AP English Language,78.7
1000280,AP US History,65.8
1000281,AP Seminar,53.6
1000281,AP Chemistry,84.1
1000281,AP English Language,72.9
1000281,AP US History,78.3
1000282,AP Seminar,78.1
1000282,AP Chemistry,79.2
1000282,AP English Language,80.4
1000282,AP US History,65.0
1000283,AP Seminar,67.3
1000283,AP Chemistry,100.0
1000283,AP English Language,76.5
1000283,AP US History,73.0
1000284,AP Seminar,53.7
1000284,AP Chemistry,94.1
1000284,AP English Language,81.6
1000284,AP US History,69.5
1000285,AP Seminar,99.8
1000285,AP Chemistry,74.5
1000285,AP English Language,80.0
1000285,AP US History,68.2
1000286,AP Seminar,55.5
1000286,AP Chemistry,67.6
1000286,AP English Language,75.6
1000286,AP US History,84.8
1000287,AP Seminar,79.4
1000287,AP Chemistry,83.5
1000287,AP English Language,78.6
1000287,AP US History,61.3
1000288,AP Seminar,66.8
1000288,AP Chemistry,98.4
1000288,AP English Language,79.3
1000288,AP US History,73.1
1000289,AP Seminar,80.6
1000289,AP Chemistry,84.9
1000289,AP English Language,77.2
1000289,AP US History,69.4
1000290,AP Seminar,83.6
1000290,Physics,74.0
1000290,English III,67.2
1000290,Honors US History,42.3
1000291,AP Seminar,64.1
1000291,Physics,73.7
1000291,English III,70.2
1000291,Honors US History,49.7
1000292,AP Seminar,81.0
1000292,Physics,61.2
1000292,English III,68.3
1000292,Honors US History,30.2
1000293,AP Seminar,70.1
1000293,Physics,62.1
1000293,English III,85.6
1000293,Honors US History,30.6
1000294,AP Seminar,60.5
1000294,Physics,84.0
1000294,English III,75.2
1000294,Honors US History,40.4
1000295,AP Seminar,40.7
1000295,Physics,77.1
1000295,English III,72.4
1000295,Honors US History,35.1
1000296,AP Seminar,47.7
1000296,Physics,67.7
1000296,English III,83.5
1000296,Honors US History,48.4
1000297,AP Seminar,86.0
1000297,Physics,76.5
1000297,English III,67.9
1000297,Honors US History,39.5
1000298,AP Seminar,77.7
1000298,Physics,67.8
1000298,English III,80.8
1000298,Honors US History,44.7
1000299,AP Seminar,53.9
1000299,Physics,78.9
1000299,English III,85.8
1000299,Honors US History,41.5
1000300,AP Seminar,77.7
1000300,Physics,100.0
1000300,English III,90.0
1000300,Honors US History,45.4
1000301,AP Seminar,54.3
1000301,Physics,89.9
1000301,English III,81.7
1000301,Honors US History,46.7
1000302,AP Seminar,39.8
1000302,Physics,75.6
1000302,English III,91.6
1000302,Honors US History,39.1
1000303,AP Seminar,47.1
1000303,Physics,63.1
1000303,English III,90.9
1000303,Honors US History,46.3
1000304,AP Seminar,86.7
1000304,Physics,76.6
1000304,English III,92.2
1000304,Honors US History,42.8
1000305,AP Seminar,36.2
1000305,Physics,71.1
1000305,English III,74.3
1000305,Honors US History,53.7
1000306,AP Seminar,60.8
1000306,Physics,64.3
1000306,English III,68.5
1000306,Honors US History,31.9
1000307,AP Seminar,71.2
1000307,Physics,93.2
1000307,English III,87.0
1000307,Honors US History,31.7
1000308,AP Seminar,39.4
1000308,Physics,89.8
1000308,English III,83.4
1000308,Honors US History,67.1
1000309,AP Seminar,75.9
1000309,Physics,82.3
1000309,English III,71.3
1000309,Honors US History,38.7
1000310,AP Seminar,79.6
1000310,Physics,86.8
1000310,English III,81.4
1000310,Honors US History,32.8
1000311,AP Seminar,53.8
1000311,Physics,68.1
1000311,English III,71.4
1000311,Honors US History,58.2
1000312,AP Seminar,54.3
1000312,Physics,78.6
1000312,English III,77.1
1000312,Honors US History,41.4
1000313,AP Seminar,89.6
1000313,Physics,56.9
1000313,English III,53.8
1000313,Honors US History,46.5
1000314,AP Seminar,75.2
1000314,Physics,80.0
1000314,English III,71.1
1000314,Honors US History,41.2
1000315,AP Seminar,8.3
1000315,Physics,75.4
1000315,English III,79.6
1000315,Honors US History,41.3
1000316,AP Seminar,51.1
1000316,Physics,73.5
1000316,English III,86.3
1000316,Honors US History,33.6
1000317,AP Seminar,86.8
1000317,Physics,68.4
1000317,English III,74.6
1000317,Honors US History,50.3
1000318,AP Seminar,51.0
1000318,Physics,74.6
1000318,English III,75.7
1000318,Honors US History,29.7
1000319,AP Seminar,75.6
1000319,Physics,76.6
1000319,English III,83.2
1000319,Honors US History,57.0
1000320,AP Seminar,55.1
1000320,Physics,74.2
1000320,English III,70.7
1000320,Honors US History,54.8
1000321,AP Seminar,40.4
1000321,Physics,63.7
1000321,English III,64.7
1000321,Honors US History,23.8
1000322,AP Seminar,36.5
1000322,Physics,82.6
1000322,English III,61.2
1000322,Honors US History,44.3
1000323,AP Seminar,75.6
1000323,Physics,85.7
1000323,English III,61.1
1000323,Honors US History,46.5
1000324,AP Seminar,43.4
1000324,Physics,87.4
1000324,English III,88.7
1000324,Honors US History,44.6
1000325,AP Seminar,74.5
1000325,Physics,53.9
1000325,English III,75.4
1000325,Honors US History,37.8
1000326,AP Seminar,47.1
1000326,Physics,76.7
1000326,English III,74.1
1000326,Honors US History,52.9
1000327,AP Seminar,73.1
1000327,Physics,87.0
1000327,English III,72.4
1000327,Honors US History,54.0
1000328,AP Seminar,80.1
1000328,Physics,59.2
1000328,English III,75.7
1000328,Honors US History,41.8
1000329,AP Seminar,54.3
1000329,Physics,90.2
1000329,English III,68.5
1000329,Honors US History,36.0
1000330,AP Seminar,44.6
1000330,Physics,87.9
1000330,English III,88.1
1000330,Honors US History,44.6
1000331,AP Seminar,47.0
1000331,Physics,77.8
1000331,English III,91.9
1000331,Honors US History,41.5
1000332,AP Seminar,77.8
1000332,Physics,80.9
1000332,English III,70.6
1000332,Honors US History,27.8
1000333,AP Seminar,63.6
1000333,Physics,68.8
1000333,English III,87.3
1000333,Honors US History,43.2
1000334,AP Seminar,50.6
1000334,Physics,66.3
1000334,English III,88.2
1000334,Honors US History,35.0
1000335,AP Seminar,49.1
1000335,Physics,80.7
1000335,English III,86.2
1000335,Honors US History,27.3
1000336,AP Seminar,80.9
1000336,Physics,88.3
1000336,English III,91.8
1000336,Honors US History,26.4
1000337,AP Seminar,56.4
1000337,Physics,82.9
1000337,English III,96.9
1000337,Honors US History,56.2
1000338,AP Seminar,67.4
1000338,Physics,68.9
1000338,English III,78.8
1000338,Honors US History,45.9
1000339,AP Seminar,82.7
1000339,Physics,74.0
1000339,English III,85.4
1000339,Honors US History,29.4
1000340,AP Seminar,41.6
1000340,Physics,78.6
1000340,English III,74.1
1000340,Honors US History,36.5
1000341,AP Seminar,80.5
1000341,Physics,76.2
1000341,English III,78.5
1000341,Honors US History,50.5
1000342,AP Seminar,35.8
1000342,Physics,83.7
1000342,English III,74.5
1000342,Honors US History,32.5
1000343,AP Seminar,64.8
1000343,Physics,68.5
1000343,English III,68.8
1000343,Honors US History,51.2
1000344,AP Seminar,79.1
1000344,Physics,72.2
1000344,English III,86.4
1000344,Honors US History,46.0
1000345,AP Seminar,41.9
1000345,Physics,75.3
1000345,English III,99.0
1000345,Honors US History,34.6
1000346,AP Seminar,42.0
1000346,Physics,64.3
1000346,English III,98.5
1000346,Honors US History,32.8
1000347,AP Seminar,75.2
1000347,Physics,73.7
1000347,English III,67.8
1000347,Honors US History,6.7
1000348,AP Seminar,77.3
1000348,Physics,79.6
1000348,English III,89.1
1000348,Honors US History,30.8
1000349,AP Seminar,75.8
1000349,Physics,70.4
1000349,English III,83.7
1000349,Honors US History,29.2
1000350,AP Seminar,55.5
1000350,Physics,74.8
1000350,English III,69.7
1000350,Honors US History,46.7
1000351,AP Seminar,33.3
1000351,Physics,67.7
1000351,English III,77.2
1000351,Honors US History,54.1
1000352,AP Seminar,73.5
1000352,Physics,79.3
1000352,English III,64.2
1000352,Honors US History,33.1
1000353,AP Seminar,66.4
1000353,Physics,74.7
1000353,English III,70.7
1000353,Honors US History,29.1
1000354,AP Seminar,52.1
1000354,Physics,69.0
1000354,English III,70.8
1000354,Honors US History,38.1
1000355,AP Seminar,75.9
1000355,Physics,81.3
1000355,English III,61.9
1000355,Honors US History,50.8
1000356,AP Seminar,41.7
1000356,Physics,78.2
1000356,English III,77.2
1000356,Honors US History,27.5
1000357,AP Seminar,56.7
1000357,Physics,85.7
1000357,English III,89.1
1000357,Honors US History,38.4
1000358,AP Seminar,81.9
1000358,Physics,56.3
1000358,English III,75.8
1000358,Honors US History,24.0
1000359,AP Seminar,85.6
1000359,Physics,78.3
1000359,English III,77.8
1000359,Honors US History,45.6
1000360,AP Seminar,78.9
1000360,Physics,64.5
1000360,English III,85.8
1000360,Honors US History,35.0
1000361,AP Seminar,48.9
1000361,Physics,69.9
1000361,English III,84.3
1000361,Honors US History,31.5
1000362,AP Seminar,40.3
1000362,Physics,74.0
1000362,English III,100.0
1000362,Honors US History,44.3
1000363,AP Seminar,57.2
1000363,Physics,40.9
1000363,English III,89.1
1000363,Honors US History,43.8
1000364,AP Seminar,75.9
1000364,Physics,63.8
1000364,English III,70.9
1000364,Honors US History,32.4
1000365,AP Seminar,38.8
1000365,Physics,67.9
1000365,English III,78.4
1000365,Honors US History,54.6
1000366,AP Seminar,62.0
1000366,Physics,82.7
1000366,English III,75.9
1000366,Honors US History,36.9
1000367,AP Seminar,47.8
1000367,Physics,80.5
1000367,English III,87.0
1000367,Honors US History,33.1
1000368,AP Seminar,33.1
1000368,Physics,55.9
1000368,English III,77.4
1000368,Honors US History,38.5
1000369,AP Seminar,72.6
1000369,Physics,79.1
1000369,English III,85.3
1000369,Honors US History,39.4
1000370,AP Seminar,42.9
1000370,Physics,74.9
1000370,English III,77.6
1000370,Honors US History,38.4
1000371,AP Seminar,66.8
1000371,Physics,71.8
1000371,English III,87.1
1000371,Honors US History,37.0
1000372,AP Seminar,63.7
1000372,Physics,81.8
1000372,English III,79.6
1000372,Honors US History,46.2
1000373,AP Seminar,55.7
1000373,Physics,80.0
1000373,English III,92.1
1000373,Honors US History,41.0
1000374,AP Seminar,59.1
1000374,Physics,82.4
1000374,English III,79.0
1000374,Honors US History,30.4
1000375,AP Seminar,59.0
1000375,Physics,88.7
1000375,English III,82.0
1000375,Honors US History,42.9
1000376,AP Seminar,36.0
1000376,Physics,84.8
1000376,English III,82.0
1000376,Honors US History,29.5
1000377,AP Seminar,53.5
1000377,Physics,76.0
1000377,English III,92.6
1000377,Honors US History,35.0
1000378,AP Seminar,40.4
1000378,Physics,82.7
1000378,English III,87.1
1000378,Honors US History,37.3
1000379,AP Seminar,79.7
1000379,Physics,75.1
1000379,English III,90.1
1000379,Honors US History,35.5
1000380,AP Seminar,87.6
1000380,AP Chemistry,32.8
1000380,AP English Language,84.0
1000380,AP US History,45.5
1000381,AP Seminar,99.0
1000381,AP Chemistry,49.4
1000381,AP English Language,88.0
1000381,AP US History,11.7
1000382,AP Seminar,77.5
1000382,AP Chemistry,56.2
1000382,AP English Language,80.5
1000382,AP US History,34.8
1000383,AP Seminar,86.6
1000383,AP Chemistry,23.9
1000383,AP English Language,79.8
1000383,AP US History,49.3
1000384,AP Seminar,84.7
1000384,AP Chemistry,45.6
1000384,AP English Language,81.9
1000384,AP US History,40.7
1000385,AP Seminar,93.6
1000385,AP Chemistry,61.4
1000385,AP English Language,85.8
1000385,AP US History,35.8
1000386,AP Seminar,93.9
1000386,AP Chemistry,32.5
1000386,AP English Language,81.8
1000386,AP US History,24.5
1000387,AP Seminar,83.3
1000387,AP Chemistry,38.8
1000387,AP English Language,88.9
1000387,AP US History,35.0
1000388,AP Seminar,70.4
1000388,AP Chemistry,47.0
1000388,AP English Language,83.1
1000388,AP US History,14.1
1000389,AP Seminar,84.0
1000389,AP Chemistry,36.3
1000389,AP English Language,79.6
1000389,AP US History,49.7
1000390,AP Seminar,91.3
1000390,AP Chemistry,25.5
1000390,AP English Language,89.2
1000390,AP US History,32.1
1000391,AP Seminar,89.7
1000391,AP Chemistry,42.6
1000391,AP English Language,85.9
1000391,AP US History,43.4
1000392,AP Seminar,77.7
1000392,AP Chemistry,35.7
1000392,AP English Language,87.3
1000392,AP US History,45.8
1000393,AP Seminar,83.3
1000393,AP Chemistry,62.6
1000393,AP English Language,78.8
1000393,AP US History,37.6
1000394,AP Seminar,92.9
1000394,AP Chemistry,46.8
1000394,AP English Language,87.0
1000394,AP US History,38.6
1000395,AP Seminar,83.8
1000395,AP Chemistry,42.2
1000395,AP English Language,83.2
1000395,AP US History,37.9
1000396,AP Seminar,81.4
1000396,AP Chemistry,38.1
1000396,AP English Language,91.9
1000396,AP US History,51.3
1000397,AP Seminar,92.5
1000397,AP Chemistry,47.3
1000397,AP English Language,73.5
1000397,AP US History,41.0
1000398,AP Seminar,91.0
1000398,AP Chemistry,22.7
1000398,AP English Language,83.5
1000398,AP US History,20.9
1000399,AP Seminar,83.9
1000399,AP Chemistry,39.6
1000399,AP English Language,77.9
1000399,AP US History,46.7
1000400,AP Seminar,100.0
1000400,AP Chemistry,39.5
1000400,AP English Language,93.8
1000400,AP US History,36.1
1000401,AP Seminar,91.0
1000401,AP Chemistry,41.7
1000401,AP English Language,86.0
1000401,AP US History,41.2
1000402,AP Seminar,85.1
1000402,AP Chemistry,26.4
1000402,AP English Language,85.3
1000402,AP US History,49.1
1000403,AP Seminar,83.2
1000403,AP Chemistry,59.5
1000403,AP English Language,87.5
1000403,AP US History,28.7
1000404,AP Seminar,87.6
1000404,AP Chemistry,28.7
1000404,AP English Language,79.4
1000404,AP US History,48.0
1000405,AP Seminar,93.4
1000405,AP Chemistry,46.8
1000405,AP English Language,96.6
1000405,AP US History,45.6
1000406,AP Seminar,100.0
1000406,AP Chemistry,50.9
1000406,AP English Language,77.6
1000406,AP US History,32.0
1000407,AP Seminar,81.6
1000407,AP Chemistry,34.4
1000407,AP English Language,91.1
1000407,AP US History,54.1
1000408,AP Seminar,100.0
1000408,AP Chemistry,43.0
1000408,AP English Language,83.7
1000408,AP US History,60.2
1000409,AP Seminar,66.6
1000409,AP Chemistry,31.9
1000409,AP English Language,86.0
1000409,AP US History,45.7
1000410,AP Seminar,93.9
1000410,AP Chemistry,41.8
1000410,AP English Language,98.6
1000410,AP US History,50.3
1000411,AP Seminar,84.7
1000411,AP Chemistry,19.8
1000411,AP English Language,83.0
1000411,AP US History,37.5
1000412,AP Seminar,71.7
1000412,AP Chemistry,34.5
1000412,AP English Language,79.6
1000412,AP US History,40.2
1000413,AP Seminar,57.8
1000413,AP Chemistry,30.2
1000413,AP English Language,83.5
1000413,AP US History,37.3
1000414,AP Seminar,84.8
1000414,AP Chemistry,44.2
1000414,AP English Language,87.1
1000414,AP US History,47.3
